policy,episode,start,avg_wait_h,median_wait_h,avg_jct_h,median_jct_h,p99_jct_h,avg_bsld,utilization,makespan_h,episode_reward,steps,invalid_actions
random,0,12388,0.0,0.0,2.3624180772569443,0.6997222222222222,44.85625277777775,1.0,0.10949894913148316,124.30194444444444,0.0,1024,0
fifo,0,12388,0.0,0.0,2.3624180772569443,0.6997222222222222,44.85625277777775,1.0,0.10949894913148316,124.30194444444444,0.0,1024,0
fifo_ff,0,12388,0.0,0.0,2.3624180772569443,0.6997222222222222,44.85625277777775,1.0,0.10949894913148316,124.30194444444444,0.0,1024,0
sgf,0,12388,0.0,0.0,2.3624180772569443,0.6997222222222222,44.85625277777775,1.0,0.10949894913148316,124.30194444444444,0.0,1024,0
sjf,0,12388,0.0,0.0,2.3624180772569443,0.6997222222222222,44.85625277777775,1.0,0.10949894913148316,124.30194444444444,0.0,1024,0
sjf_oracle,0,12388,0.0,0.0,2.3624180772569443,0.6997222222222222,44.85625277777775,1.0,0.10949894913148316,124.30194444444444,0.0,1024,0
random,1,9276,0.23146864149305554,0.0,4.830255533854166,1.6152777777777778,79.34949444444436,3.0642065367253,0.06451011595548033,356.44666666666666,-23.70238888888888,1024,0
fifo,1,9276,0.2483270941840278,0.0,4.847113986545139,1.613888888888889,79.46478055555546,3.091099702443726,0.06451011595548033,356.44666666666666,-25.428694444444442,1069,0
fifo_ff,1,9276,0.23232747395833334,0.0,4.8311143663194445,1.613888888888889,79.40189722222215,2.920135101004138,0.06451011595548033,356.44666666666666,-23.79033333333332,1024,0
sgf,1,9276,0.23232747395833334,0.0,4.8311143663194445,1.613888888888889,79.40189722222215,2.920135101004138,0.06451011595548033,356.44666666666666,-23.79033333333332,1024,0
sjf,1,9276,0.23129041883680557,0.0004166666666666667,4.8300773111979165,1.614861111111111,80.0281638888888,3.133044242289625,0.06451011595548033,356.44666666666666,-23.684138888888878,1024,0
sjf_oracle,1,9276,0.22531385633680556,0.0,4.824100748697917,1.6079166666666667,79.4179388888888,2.698259273015006,0.06451011595548033,356.44666666666666,-23.07213888888888,1024,0
random,2,7444,0.9233089192708334,0.7055555555555556,3.0805069986979166,2.694722222222222,10.98098611111111,4.204659795614564,0.16541806867424166,41.73083333333334,-94.5468333333333,1024,0
fifo,2,7444,0.9229871961805556,0.7,3.080185275607639,2.6979166666666665,10.950969444444445,4.210632276551967,0.16541806867424166,41.73083333333334,-94.51388888888881,1024,0
fifo_ff,2,7444,0.9229871961805556,0.7,3.080185275607639,2.6979166666666665,10.950969444444445,4.210632276551967,0.16541806867424166,41.73083333333334,-94.51388888888881,1024,0
sgf,2,7444,0.9229871961805556,0.7,3.080185275607639,2.6979166666666665,10.950969444444445,4.210632276551967,0.16541806867424166,41.73083333333334,-94.51388888888881,1024,0
sjf,2,7444,0.9195963541666666,0.68375,3.07679443359375,2.642638888888889,10.969527777777776,4.744532168986594,0.16541806867424166,41.73083333333334,-94.16666666666679,1024,0
sjf_oracle,2,7444,0.9111162651909722,0.6643055555555556,3.0683143446180554,2.6419444444444444,11.449811111111112,4.07039384060908,0.16541806867424166,41.73083333333334,-93.2983055555557,1024,0
random,3,3929,0.0,0.0,3.0494935438368054,0.13041666666666665,105.11904444444433,1.0,0.0566277462807391,343.4822222222222,0.0,1024,0
fifo,3,3929,0.0,0.0,3.0494935438368054,0.13041666666666665,105.11904444444433,1.0,0.0566277462807391,343.4822222222222,0.0,1024,0
fifo_ff,3,3929,0.0,0.0,3.0494935438368054,0.13041666666666665,105.11904444444433,1.0,0.0566277462807391,343.4822222222222,0.0,1024,0
sgf,3,3929,0.0,0.0,3.0494935438368054,0.13041666666666665,105.11904444444433,1.0,0.0566277462807391,343.4822222222222,0.0,1024,0
sjf,3,3929,0.0,0.0,3.0494935438368054,0.13041666666666665,105.11904444444433,1.0,0.0566277462807391,343.4822222222222,0.0,1024,0
sjf_oracle,3,3929,0.0,0.0,3.0494935438368054,0.13041666666666665,105.11904444444433,1.0,0.0566277462807391,343.4822222222222,0.0,1024,0
random,4,4483,0.0,0.0,0.6521633572048611,0.09222222222222222,6.443097222222211,1.0,0.0424229021203927,110.1211111111111,0.0,1024,0
fifo,4,4483,0.0,0.0,0.6521633572048611,0.09222222222222222,6.443097222222211,1.0,0.0424229021203927,110.1211111111111,0.0,1024,0
fifo_ff,4,4483,0.0,0.0,0.6521633572048611,0.09222222222222222,6.443097222222211,1.0,0.0424229021203927,110.1211111111111,0.0,1024,0
sgf,4,4483,0.0,0.0,0.6521633572048611,0.09222222222222222,6.443097222222211,1.0,0.0424229021203927,110.1211111111111,0.0,1024,0
sjf,4,4483,0.0,0.0,0.6521633572048611,0.09222222222222222,6.443097222222211,1.0,0.0424229021203927,110.1211111111111,0.0,1024,0
sjf_oracle,4,4483,0.0,0.0,0.6521633572048611,0.09222222222222222,6.443097222222211,1.0,0.0424229021203927,110.1211111111111,0.0,1024,0
random,5,596,0.0,0.0,2.3104985894097223,0.2036111111111111,69.14801944444443,1.0,0.05641342960484663,248.32833333333335,0.0,1024,0
fifo,5,596,0.0,0.0,2.3104985894097223,0.2036111111111111,69.14801944444443,1.0,0.05641342960484663,248.32833333333335,0.0,1024,0
fifo_ff,5,596,0.0,0.0,2.3104985894097223,0.2036111111111111,69.14801944444443,1.0,0.05641342960484663,248.32833333333335,0.0,1024,0
sgf,5,596,0.0,0.0,2.3104985894097223,0.2036111111111111,69.14801944444443,1.0,0.05641342960484663,248.32833333333335,0.0,1024,0
sjf,5,596,0.0,0.0,2.3104985894097223,0.2036111111111111,69.14801944444443,1.0,0.05641342960484663,248.32833333333335,0.0,1024,0
sjf_oracle,5,596,0.0,0.0,2.3104985894097223,0.2036111111111111,69.14801944444443,1.0,0.05641342960484663,248.32833333333335,0.0,1024,0
random,6,1095,0.30924940321180555,0.0,1.0611219618055556,0.9681944444444445,3.0720444444444435,1.9023475255991744,0.0880974217124893,29.511944444444445,-31.667138888888854,1024,0
fifo,6,1095,0.3111553276909722,0.0,1.0630278862847222,0.9686111111111111,3.0720444444444435,1.9131779355173855,0.0880974217124893,29.511944444444445,-31.862305555555576,1030,0
fifo_ff,6,1095,0.3097458224826389,0.0,1.0616183810763888,0.9686111111111111,3.0720444444444435,1.910841140878651,0.0880974217124893,29.511944444444445,-31.71797222222221,1024,0
sgf,6,1095,0.3097458224826389,0.0,1.0616183810763888,0.9686111111111111,3.0720444444444435,1.910841140878651,0.0880974217124893,29.511944444444445,-31.71797222222221,1024,0
sjf,6,1095,0.30899549696180556,0.0,1.0608680555555556,0.9668055555555556,3.0720444444444435,1.8915696144663339,0.0880974217124893,29.511944444444445,-31.641138888888875,1024,0
sjf_oracle,6,1095,0.30761149088541667,0.0,1.0594840494791666,0.9655555555555555,3.0720444444444435,1.8707897507136027,0.0880974217124893,29.511944444444445,-31.499416666666654,1024,0
random,7,240,0.0,0.0,2.4688346354166666,0.37375,83.93405833333298,1.0,0.05666137490292483,252.8825,0.0,1024,0
fifo,7,240,0.0,0.0,2.4688346354166666,0.37375,83.93405833333298,1.0,0.05666137490292483,252.8825,0.0,1024,0
fifo_ff,7,240,0.0,0.0,2.4688346354166666,0.37375,83.93405833333298,1.0,0.05666137490292483,252.8825,0.0,1024,0
sgf,7,240,0.0,0.0,2.4688346354166666,0.37375,83.93405833333298,1.0,0.05666137490292483,252.8825,0.0,1024,0
sjf,7,240,0.0,0.0,2.4688346354166666,0.37375,83.93405833333298,1.0,0.05666137490292483,252.8825,0.0,1024,0
sjf_oracle,7,240,0.0,0.0,2.4688346354166666,0.37375,83.93405833333298,1.0,0.05666137490292483,252.8825,0.0,1024,0
random,8,2552,0.0,0.0,0.43509765625,0.16055555555555556,7.084488888888885,1.0,0.0364792674718958,38.17638888888889,0.0,1024,0
fifo,8,2552,0.0,0.0,0.43509765625,0.16055555555555556,7.084488888888885,1.0,0.0364792674718958,38.17638888888889,0.0,1024,0
fifo_ff,8,2552,0.0,0.0,0.43509765625,0.16055555555555556,7.084488888888885,1.0,0.0364792674718958,38.17638888888889,0.0,1024,0
sgf,8,2552,0.0,0.0,0.43509765625,0.16055555555555556,7.084488888888885,1.0,0.0364792674718958,38.17638888888889,0.0,1024,0
sjf,8,2552,0.0,0.0,0.43509765625,0.16055555555555556,7.084488888888885,1.0,0.0364792674718958,38.17638888888889,0.0,1024,0
sjf_oracle,8,2552,0.0,0.0,0.43509765625,0.16055555555555556,7.084488888888885,1.0,0.0364792674718958,38.17638888888889,0.0,1024,0
random,9,11844,0.0,0.0,5.386424153645834,0.3334722222222222,104.29395833333331,1.0,0.10048137360562627,176.55277777777778,0.0,1024,0
fifo,9,11844,0.0,0.0,5.386424153645834,0.3334722222222222,104.29395833333331,1.0,0.10048137360562627,176.55277777777778,0.0,1024,0
fifo_ff,9,11844,0.0,0.0,5.386424153645834,0.3334722222222222,104.29395833333331,1.0,0.10048137360562627,176.55277777777778,0.0,1024,0
sgf,9,11844,0.0,0.0,5.386424153645834,0.3334722222222222,104.29395833333331,1.0,0.10048137360562627,176.55277777777778,0.0,1024,0
sjf,9,11844,0.0,0.0,5.386424153645834,0.3334722222222222,104.29395833333331,1.0,0.10048137360562627,176.55277777777778,0.0,1024,0
sjf_oracle,9,11844,0.0,0.0,5.386424153645834,0.3334722222222222,104.29395833333331,1.0,0.10048137360562627,176.55277777777778,0.0,1024,0
random,10,9458,0.05025851779513889,0.0,2.8732999674479167,1.5563888888888888,38.77251111111101,1.5445204198188154,0.050379182969400235,234.42444444444445,-5.1464722222222195,1024,0
fifo,10,9458,0.07094807942708334,0.0,2.893989529079861,1.562638888888889,38.77251111111101,1.6107724645305619,0.0503587751844789,234.51944444444445,-7.265083333333331,1064,0
fifo_ff,10,9458,0.05025363498263889,0.0,2.8732950846354166,1.5570833333333334,38.77251111111101,1.542067327881763,0.050373393116317645,234.45138888888889,-5.14597222222222,1024,0
sgf,10,9458,0.05025363498263889,0.0,2.8732950846354166,1.5570833333333334,38.77251111111101,1.542067327881763,0.050373393116317645,234.45138888888889,-5.14597222222222,1024,0
sjf,10,9458,0.051346842447916666,0.0,2.8743882921006945,1.5538888888888889,38.77251111111101,1.6365640126938943,0.05035889448018876,234.51888888888888,-5.257916666666672,1024,0
sjf_oracle,10,9458,0.04918619791666667,0.0,2.8722276475694444,1.552638888888889,38.77251111111101,1.5052562961210152,0.050361161206069434,234.50833333333333,-5.036666666666667,1024,0
random,11,13293,0.0,0.0,1.6621541341145833,0.7091666666666666,39.003658333333306,1.0,0.06477112634370412,111.45083333333334,0.0,1024,0
fifo,11,13293,0.0,0.0,1.6621541341145833,0.7091666666666666,39.003658333333306,1.0,0.06477112634370412,111.45083333333334,0.0,1024,0
fifo_ff,11,13293,0.0,0.0,1.6621541341145833,0.7091666666666666,39.003658333333306,1.0,0.06477112634370412,111.45083333333334,0.0,1024,0
sgf,11,13293,0.0,0.0,1.6621541341145833,0.7091666666666666,39.003658333333306,1.0,0.06477112634370412,111.45083333333334,0.0,1024,0
sjf,11,13293,0.0,0.0,1.6621541341145833,0.7091666666666666,39.003658333333306,1.0,0.06477112634370412,111.45083333333334,0.0,1024,0
sjf_oracle,11,13293,0.0,0.0,1.6621541341145833,0.7091666666666666,39.003658333333306,1.0,0.06477112634370412,111.45083333333334,0.0,1024,0
random,12,7334,1.014770236545139,0.7555555555555555,3.4345963541666666,3.0829166666666667,11.626530555555554,4.4416912290483115,0.070904622584138,112.365,-103.91247222222225,1024,0
fifo,12,7334,1.0149248589409723,0.7552777777777778,3.4347509765625,3.0744444444444445,11.620619444444444,4.4412112245662465,0.070904622584138,112.365,-103.92830555555544,1024,0
fifo_ff,12,7334,1.0149248589409723,0.7552777777777778,3.4347509765625,3.0744444444444445,11.620619444444444,4.4412112245662465,0.070904622584138,112.365,-103.92830555555544,1024,0
sgf,12,7334,1.0149248589409723,0.7552777777777778,3.4347509765625,3.0744444444444445,11.620619444444444,4.4412112245662465,0.070904622584138,112.365,-103.92830555555544,1024,0
sjf,12,7334,1.0109638129340277,0.7352777777777778,3.4307899305555556,3.047222222222222,11.591988888888888,4.505142926809221,0.070904622584138,112.365,-103.52269444444451,1024,0
sjf_oracle,12,7334,1.0038948567708332,0.7451388888888889,3.423720974392361,3.017361111111111,11.799380555555555,4.322532269561964,0.070904622584138,112.365,-102.79883333333323,1024,0
random,13,8835,0.18993109809027778,0.0,10.655252007378472,1.6809722222222223,173.13735277777778,2.024232562367557,0.14310083696320944,453.7319444444444,-19.44894444444443,1024,0
fifo,13,8835,0.19060709635416667,0.0,10.65592800564236,1.6809722222222223,173.13735277777778,1.9777931808046776,0.14310083696320944,453.7319444444444,-19.51816666666667,1063,0
fifo_ff,13,8835,0.1892290581597222,0.0,10.654549967447917,1.6809722222222223,173.13735277777778,1.9588511114299292,0.14310083696320944,453.7319444444444,-19.377055555555554,1024,0
sgf,13,8835,0.1892290581597222,0.0,10.654549967447917,1.6809722222222223,173.13735277777778,1.9588511114299292,0.14310083696320944,453.7319444444444,-19.377055555555554,1024,0
sjf,13,8835,0.190693359375,0.0,10.656014268663194,1.6829166666666666,173.13735277777778,2.0971395222185887,0.14310083696320944,453.7319444444444,-19.526999999999994,1024,0
sjf_oracle,13,8835,0.18843397352430555,0.0,10.6537548828125,1.6797222222222221,173.13735277777778,1.9295347086327579,0.14310083696320944,453.7319444444444,-19.295638888888874,1024,0
random,14,14137,0.0,0.0,2.889512532552083,0.3070833333333333,67.92085555555548,1.0,0.04891153276921189,332.76916666666665,0.0,1024,0
fifo,14,14137,0.0,0.0,2.889512532552083,0.3070833333333333,67.92085555555548,1.0,0.04891153276921189,332.76916666666665,0.0,1024,0
fifo_ff,14,14137,0.0,0.0,2.889512532552083,0.3070833333333333,67.92085555555548,1.0,0.04891153276921189,332.76916666666665,0.0,1024,0
sgf,14,14137,0.0,0.0,2.889512532552083,0.3070833333333333,67.92085555555548,1.0,0.04891153276921189,332.76916666666665,0.0,1024,0
sjf,14,14137,0.0,0.0,2.889512532552083,0.3070833333333333,67.92085555555548,1.0,0.04891153276921189,332.76916666666665,0.0,1024,0
sjf_oracle,14,14137,0.0,0.0,2.889512532552083,0.3070833333333333,67.92085555555548,1.0,0.04891153276921189,332.76916666666665,0.0,1024,0
random,15,10624,0.0,0.0,7.649564073350694,0.0925,170.8693833333331,1.0,0.10282906643374508,353.4013888888889,0.0,1024,0
fifo,15,10624,0.0,0.0,7.649564073350694,0.0925,170.8693833333331,1.0,0.10282906643374508,353.4013888888889,0.0,1024,0
fifo_ff,15,10624,0.0,0.0,7.649564073350694,0.0925,170.8693833333331,1.0,0.10282906643374508,353.4013888888889,0.0,1024,0
sgf,15,10624,0.0,0.0,7.649564073350694,0.0925,170.8693833333331,1.0,0.10282906643374508,353.4013888888889,0.0,1024,0
sjf,15,10624,0.0,0.0,7.649564073350694,0.0925,170.8693833333331,1.0,0.10282906643374508,353.4013888888889,0.0,1024,0
sjf_oracle,15,10624,0.0,0.0,7.649564073350694,0.0925,170.8693833333331,1.0,0.10282906643374508,353.4013888888889,0.0,1024,0
random,16,9208,0.24969645182291667,0.0,5.420376790364584,1.6127777777777779,104.17238611111104,3.5739615668121965,0.06675344943725718,383.0938888888889,-25.568916666666663,1024,0
fifo,16,9208,0.26146728515625,0.0,5.432147623697917,1.613611111111111,104.17238611111104,3.676512580445774,0.06675344943725718,383.0938888888889,-26.774249999999974,1068,0
fifo_ff,16,9208,0.24982584635416666,0.0,5.420506184895833,1.613611111111111,104.17238611111104,3.5640973568830328,0.06675344943725718,383.0938888888889,-25.582166666666662,1024,0
sgf,16,9208,0.24982584635416666,0.0,5.420506184895833,1.613611111111111,104.17238611111104,3.5640973568830328,0.06675344943725718,383.0938888888889,-25.582166666666662,1024,0
sjf,16,9208,0.2509377712673611,0.0,5.421618109809028,1.6086111111111112,104.17238611111104,3.4091591204578706,0.06675344943725718,383.0938888888889,-25.696027777777765,1024,0
sjf_oracle,16,9208,0.24217583550347221,0.0,5.412856174045139,1.6025,104.17238611111104,3.1409268928553407,0.06675344943725718,383.0938888888889,-24.79880555555556,1024,0
random,17,7917,0.012757975260416667,0.0,3.1279890950520834,1.6170833333333334,22.44260555555548,1.1223518488901303,0.06802848370476464,202.28305555555556,-1.3064166666666668,1024,0
fifo,17,7917,0.0129296875,0.0,3.1281608072916667,1.6170833333333334,22.44260555555548,1.1380291399745068,0.06802848370476464,202.28305555555556,-1.324,1024,0
fifo_ff,17,7917,0.0129296875,0.0,3.1281608072916667,1.6170833333333334,22.44260555555548,1.1380291399745068,0.06802848370476464,202.28305555555556,-1.324,1024,0
sgf,17,7917,0.0129296875,0.0,3.1281608072916667,1.6170833333333334,22.44260555555548,1.1380291399745068,0.06802848370476464,202.28305555555556,-1.324,1024,0
sjf,17,7917,0.013236219618055555,0.0,3.128467339409722,1.6170833333333334,22.44260555555548,1.168177119546947,0.06802848370476464,202.28305555555556,-1.3553888888888892,1024,0
sjf_oracle,17,7917,0.012456325954861111,0.0,3.1276874457465276,1.6170833333333334,22.44260555555548,1.0966952995327788,0.06802848370476464,202.28305555555556,-1.2755277777777774,1024,0
random,18,8154,0.0,0.0,7.600449761284723,1.6131944444444444,173.1431888888889,1.0,0.1804148617700305,247.49416666666667,0.0,1024,0
fifo,18,8154,0.0,0.0,7.600449761284723,1.6131944444444444,173.1431888888889,1.0,0.1804148617700305,247.49416666666667,0.0,1024,0
fifo_ff,18,8154,0.0,0.0,7.600449761284723,1.6131944444444444,173.1431888888889,1.0,0.1804148617700305,247.49416666666667,0.0,1024,0
sgf,18,8154,0.0,0.0,7.600449761284723,1.6131944444444444,173.1431888888889,1.0,0.1804148617700305,247.49416666666667,0.0,1024,0
sjf,18,8154,0.0,0.0,7.600449761284723,1.6131944444444444,173.1431888888889,1.0,0.1804148617700305,247.49416666666667,0.0,1024,0
sjf_oracle,18,8154,0.0,0.0,7.600449761284723,1.6131944444444444,173.1431888888889,1.0,0.1804148617700305,247.49416666666667,0.0,1024,0
random,19,13618,0.0,0.0,1.3445130750868055,0.45902777777777776,35.83912777777777,1.0,0.06510397284426112,106.74027777777778,0.0,1024,0
fifo,19,13618,0.0,0.0,1.3445130750868055,0.45902777777777776,35.83912777777777,1.0,0.06510397284426112,106.74027777777778,0.0,1024,0
fifo_ff,19,13618,0.0,0.0,1.3445130750868055,0.45902777777777776,35.83912777777777,1.0,0.06510397284426112,106.74027777777778,0.0,1024,0
sgf,19,13618,0.0,0.0,1.3445130750868055,0.45902777777777776,35.83912777777777,1.0,0.06510397284426112,106.74027777777778,0.0,1024,0
sjf,19,13618,0.0,0.0,1.3445130750868055,0.45902777777777776,35.83912777777777,1.0,0.06510397284426112,106.74027777777778,0.0,1024,0
sjf_oracle,19,13618,0.0,0.0,1.3445130750868055,0.45902777777777776,35.83912777777777,1.0,0.06510397284426112,106.74027777777778,0.0,1024,0
random,20,4039,0.0,0.0,2.65248291015625,0.13083333333333333,87.65066944444416,1.0,0.044767659420066344,333.2086111111111,0.0,1024,0
fifo,20,4039,0.0,0.0,2.65248291015625,0.13083333333333333,87.65066944444416,1.0,0.044767659420066344,333.2086111111111,0.0,1024,0
fifo_ff,20,4039,0.0,0.0,2.65248291015625,0.13083333333333333,87.65066944444416,1.0,0.044767659420066344,333.2086111111111,0.0,1024,0
sgf,20,4039,0.0,0.0,2.65248291015625,0.13083333333333333,87.65066944444416,1.0,0.044767659420066344,333.2086111111111,0.0,1024,0
sjf,20,4039,0.0,0.0,2.65248291015625,0.13083333333333333,87.65066944444416,1.0,0.044767659420066344,333.2086111111111,0.0,1024,0
sjf_oracle,20,4039,0.0,0.0,2.65248291015625,0.13083333333333333,87.65066944444416,1.0,0.044767659420066344,333.2086111111111,0.0,1024,0
random,21,11882,0.0,0.0,5.372974446614584,0.2852777777777778,104.29395833333331,1.0,0.10161667789972402,174.13055555555556,0.0,1024,0
fifo,21,11882,0.0,0.0,5.372974446614584,0.2852777777777778,104.29395833333331,1.0,0.10161667789972402,174.13055555555556,0.0,1024,0
fifo_ff,21,11882,0.0,0.0,5.372974446614584,0.2852777777777778,104.29395833333331,1.0,0.10161667789972402,174.13055555555556,0.0,1024,0
sgf,21,11882,0.0,0.0,5.372974446614584,0.2852777777777778,104.29395833333331,1.0,0.10161667789972402,174.13055555555556,0.0,1024,0
sjf,21,11882,0.0,0.0,5.372974446614584,0.2852777777777778,104.29395833333331,1.0,0.10161667789972402,174.13055555555556,0.0,1024,0
sjf_oracle,21,11882,0.0,0.0,5.372974446614584,0.2852777777777778,104.29395833333331,1.0,0.10161667789972402,174.13055555555556,0.0,1024,0
random,22,9770,0.017158474392361112,0.0,4.553652615017361,1.528888888888889,89.02010833333328,1.2909628399536013,0.08636097729868024,254.92888888888888,-1.757027777777778,1024,0
fifo,22,9770,0.017235514322916666,0.0,4.553729654947917,1.5283333333333333,89.02010833333328,1.302876102359731,0.08636097729868024,254.92888888888888,-1.7649166666666678,1024,0
fifo_ff,22,9770,0.017235514322916666,0.0,4.553729654947917,1.5283333333333333,89.02010833333328,1.302876102359731,0.08636097729868024,254.92888888888888,-1.7649166666666678,1024,0
sgf,22,9770,0.017235514322916666,0.0,4.553729654947917,1.5283333333333333,89.02010833333328,1.302876102359731,0.08636097729868024,254.92888888888888,-1.7649166666666678,1024,0
sjf,22,9770,0.016953938802083332,0.0,4.553448079427083,1.5283333333333333,89.02010833333328,1.270775275132471,0.08636097729868024,254.92888888888888,-1.7360833333333336,1024,0
sjf_oracle,22,9770,0.016873643663194444,0.0,4.553367784288194,1.5275,89.02010833333328,1.262939093975107,0.08636097729868024,254.92888888888888,-1.7278611111111115,1024,0
random,23,39,0.16099148220486112,0.0,2.8390104166666665,0.9725,83.93405833333298,1.1541591984603454,0.05929909900386592,252.92222222222222,-16.48552777777777,1024,0
fifo,23,39,0.16085150824652777,0.0,2.8388704427083336,0.9718055555555556,83.93405833333298,1.1537524642651555,0.05929909900386592,252.92222222222222,-16.471194444444436,1024,0
fifo_ff,23,39,0.16085150824652777,0.0,2.8388704427083336,0.9718055555555556,83.93405833333298,1.1537524642651555,0.05929909900386592,252.92222222222222,-16.471194444444436,1024,0
sgf,23,39,0.16085150824652777,0.0,2.8388704427083336,0.9718055555555556,83.93405833333298,1.1537524642651555,0.05929909900386592,252.92222222222222,-16.471194444444436,1024,0
sjf,23,39,0.16085150824652777,0.0,2.8388704427083336,0.9718055555555556,83.93405833333298,1.1539005194409904,0.05929909900386592,252.92222222222222,-16.471194444444436,1024,0
sjf_oracle,23,39,0.16079698350694444,0.0,2.83881591796875,0.9718055555555556,83.93405833333298,1.1531901680744483,0.05929909900386592,252.92222222222222,-16.465611111111095,1024,0
random,24,5740,0.0,0.0,5.368013509114584,0.14722222222222223,131.60826944444446,1.0,0.06784479248624936,529.9247222222223,0.0,1024,0
fifo,24,5740,0.0,0.0,5.368013509114584,0.14722222222222223,131.60826944444446,1.0,0.06784479248624936,529.9247222222223,0.0,1024,0
fifo_ff,24,5740,0.0,0.0,5.368013509114584,0.14722222222222223,131.60826944444446,1.0,0.06784479248624936,529.9247222222223,0.0,1024,0
sgf,24,5740,0.0,0.0,5.368013509114584,0.14722222222222223,131.60826944444446,1.0,0.06784479248624936,529.9247222222223,0.0,1024,0
sjf,24,5740,0.0,0.0,5.368013509114584,0.14722222222222223,131.60826944444446,1.0,0.06784479248624936,529.9247222222223,0.0,1024,0
sjf_oracle,24,5740,0.0,0.0,5.368013509114584,0.14722222222222223,131.60826944444446,1.0,0.06784479248624936,529.9247222222223,0.0,1024,0
random,25,12487,0.0,0.0,1.3435972764756945,0.7066666666666667,39.45495555555556,1.0,0.13526452670862935,73.38972222222222,0.0,1024,0
fifo,25,12487,0.0,0.0,1.3435972764756945,0.7066666666666667,39.45495555555556,1.0,0.13526452670862935,73.38972222222222,0.0,1024,0
fifo_ff,25,12487,0.0,0.0,1.3435972764756945,0.7066666666666667,39.45495555555556,1.0,0.13526452670862935,73.38972222222222,0.0,1024,0
sgf,25,12487,0.0,0.0,1.3435972764756945,0.7066666666666667,39.45495555555556,1.0,0.13526452670862935,73.38972222222222,0.0,1024,0
sjf,25,12487,0.0,0.0,1.3435972764756945,0.7066666666666667,39.45495555555556,1.0,0.13526452670862935,73.38972222222222,0.0,1024,0
sjf_oracle,25,12487,0.0,0.0,1.3435972764756945,0.7066666666666667,39.45495555555556,1.0,0.13526452670862935,73.38972222222222,0.0,1024,0
random,26,8073,0.0,0.0,4.419893120659722,1.6076388888888888,161.9933527777769,1.0,0.0947627275250633,203.15222222222224,0.0,1024,0
fifo,26,8073,0.0,0.0,4.419893120659722,1.6076388888888888,161.9933527777769,1.0,0.0947627275250633,203.15222222222224,0.0,1024,0
fifo_ff,26,8073,0.0,0.0,4.419893120659722,1.6076388888888888,161.9933527777769,1.0,0.0947627275250633,203.15222222222224,0.0,1024,0
sgf,26,8073,0.0,0.0,4.419893120659722,1.6076388888888888,161.9933527777769,1.0,0.0947627275250633,203.15222222222224,0.0,1024,0
sjf,26,8073,0.0,0.0,4.419893120659722,1.6076388888888888,161.9933527777769,1.0,0.0947627275250633,203.15222222222224,0.0,1024,0
sjf_oracle,26,8073,0.0,0.0,4.419893120659722,1.6076388888888888,161.9933527777769,1.0,0.0947627275250633,203.15222222222224,0.0,1024,0
random,27,489,0.0,0.0,2.404728732638889,0.20180555555555554,83.93405833333298,1.0,0.05660980666018447,252.82916666666668,0.0,1024,0
fifo,27,489,0.0,0.0,2.404728732638889,0.20180555555555554,83.93405833333298,1.0,0.05660980666018447,252.82916666666668,0.0,1024,0
fifo_ff,27,489,0.0,0.0,2.404728732638889,0.20180555555555554,83.93405833333298,1.0,0.05660980666018447,252.82916666666668,0.0,1024,0
sgf,27,489,0.0,0.0,2.404728732638889,0.20180555555555554,83.93405833333298,1.0,0.05660980666018447,252.82916666666668,0.0,1024,0
sjf,27,489,0.0,0.0,2.404728732638889,0.20180555555555554,83.93405833333298,1.0,0.05660980666018447,252.82916666666668,0.0,1024,0
sjf_oracle,27,489,0.0,0.0,2.404728732638889,0.20180555555555554,83.93405833333298,1.0,0.05660980666018447,252.82916666666668,0.0,1024,0
random,28,11139,0.0,0.0,9.624388020833333,0.0913888888888889,163.80163888888882,1.0,0.11752660137002219,305.99666666666667,0.0,1024,0
fifo,28,11139,0.0,0.0,9.624388020833333,0.0913888888888889,163.80163888888882,1.0,0.11752660137002219,305.99666666666667,0.0,1024,0
fifo_ff,28,11139,0.0,0.0,9.624388020833333,0.0913888888888889,163.80163888888882,1.0,0.11752660137002219,305.99666666666667,0.0,1024,0
sgf,28,11139,0.0,0.0,9.624388020833333,0.0913888888888889,163.80163888888882,1.0,0.11752660137002219,305.99666666666667,0.0,1024,0
sjf,28,11139,0.0,0.0,9.624388020833333,0.0913888888888889,163.80163888888882,1.0,0.11752660137002219,305.99666666666667,0.0,1024,0
sjf_oracle,28,11139,0.0,0.0,9.624388020833333,0.0913888888888889,163.80163888888882,1.0,0.11752660137002219,305.99666666666667,0.0,1024,0
random,29,10626,0.0,0.0,7.6495941840277775,0.0925,170.8693833333331,1.0,0.10289792395197712,353.165,0.0,1024,0
fifo,29,10626,0.0,0.0,7.6495941840277775,0.0925,170.8693833333331,1.0,0.10289792395197712,353.165,0.0,1024,0
fifo_ff,29,10626,0.0,0.0,7.6495941840277775,0.0925,170.8693833333331,1.0,0.10289792395197712,353.165,0.0,1024,0
sgf,29,10626,0.0,0.0,7.6495941840277775,0.0925,170.8693833333331,1.0,0.10289792395197712,353.165,0.0,1024,0
sjf,29,10626,0.0,0.0,7.6495941840277775,0.0925,170.8693833333331,1.0,0.10289792395197712,353.165,0.0,1024,0
sjf_oracle,29,10626,0.0,0.0,7.6495941840277775,0.0925,170.8693833333331,1.0,0.10289792395197712,353.165,0.0,1024,0
