policy,episode,start,avg_wait_h,median_wait_h,avg_jct_h,median_jct_h,p99_jct_h,avg_bsld,utilization,makespan_h,episode_reward,steps,invalid_actions,bg_gpus_at_start,bg_overflow_jobs
random,0,12388,0.8170421006944445,0.9211111111111111,3.179460177951389,1.7697222222222222,45.03482222222221,6.03602069472731,0.3412509137835289,124.30194444444444,-83.66511111111117,1024,0,120,0
fifo,0,12388,0.8793470594618056,1.1555555555555554,3.24176513671875,1.91875,44.85625277777775,6.432752107425609,0.3412509137835289,124.30194444444444,-90.04513888888897,1068,0,120,0
fifo_ff,0,12388,0.8157511393229167,0.9216666666666666,3.178169216579861,1.750138888888889,45.060313888888885,6.0310216030440245,0.3412509137835289,124.30194444444444,-83.5329166666668,1024,0,120,0
sgf,0,12388,0.8157511393229167,0.9216666666666666,3.178169216579861,1.750138888888889,45.060313888888885,6.0310216030440245,0.3412509137835289,124.30194444444444,-83.5329166666668,1024,0,120,0
sjf,0,12388,0.8173776584201389,0.9016666666666666,3.179795735677083,1.7556944444444444,45.05718333333332,6.566558881353192,0.3412509137835289,124.30194444444444,-83.69947222222217,1024,0,120,0
sjf_oracle,0,12388,0.7865993923611111,0.8602777777777778,3.1490174696180557,1.695138888888889,45.05360555555554,5.682738654713178,0.3412509137835289,124.30194444444444,-80.54777777777781,1024,0,120,0
random,1,9276,5.194638671875,4.766111111111111,9.793425564236111,7.576944444444444,83.53102222222205,34.224032356362926,0.21016891844502217,356.44666666666666,-531.9310000000006,1024,0,153,0
fifo,1,9276,6.6317578125,4.770972222222222,11.230544704861112,8.260972222222222,83.53102222222205,44.58136470312614,0.21016891844502217,356.44666666666666,-679.0919999999996,1066,0,153,0
fifo_ff,1,9276,5.1947509765625,4.770972222222222,9.793537868923611,7.583055555555555,83.53102222222205,34.35084212303846,0.21016891844502217,356.44666666666666,-531.9425000000015,1024,0,153,0
sgf,1,9276,5.1947509765625,4.770972222222222,9.793537868923611,7.583055555555555,83.53102222222205,34.35084212303846,0.21016891844502217,356.44666666666666,-531.9425000000015,1024,0,153,0
sjf,1,9276,5.218037923177083,4.759444444444444,9.816824815538194,7.622777777777777,83.53102222222205,35.6888528946041,0.21016891844502217,356.44666666666666,-534.3270833333339,1024,0,153,0
sjf_oracle,1,9276,4.9378846571180555,4.666388888888889,9.536671549479166,7.2941666666666665,83.53102222222205,32.18373070507924,0.21016891844502217,356.44666666666666,-505.6393888888889,1024,0,153,0
random,2,7444,6.280071614583333,7.116388888888889,8.437269694010416,9.085694444444444,19.472547222222218,25.394638728810712,0.6036133000722775,43.236111111111114,-643.0793333333353,1024,0,180,0
fifo,2,7444,6.281014539930555,7.145972222222222,8.438212619357639,9.133611111111112,19.390480555555555,25.366396016643524,0.606036531533499,42.928333333333335,-643.175888888889,1024,0,180,0
fifo_ff,2,7444,6.281014539930555,7.145972222222222,8.438212619357639,9.133611111111112,19.390480555555555,25.366396016643524,0.606036531533499,42.928333333333335,-643.175888888889,1024,0,180,0
sgf,2,7444,6.281014539930555,7.145972222222222,8.438212619357639,9.133611111111112,19.390480555555555,25.366396016643524,0.606036531533499,42.928333333333335,-643.175888888889,1024,0,180,0
sjf,2,7444,6.290262315538194,7.09625,8.447460394965278,9.097222222222221,19.397594444444444,27.893692056648156,0.606036531533499,42.928333333333335,-644.1228611111118,1024,0,180,0
sjf_oracle,2,7444,6.069754774305555,6.9743055555555555,8.226952853732639,8.746527777777779,19.162727777777775,24.089209398665496,0.5241664215256547,56.243611111111115,-621.542888888889,1024,0,180,0
random,3,3929,4.686650119357639,4.324027777777777,7.7361436631944445,4.683055555555556,111.32249166666658,260.4152118474249,0.39450576985448876,352.6455555555556,-478.29183333333384,1024,0,256,298
fifo,3,3929,7.778607855902778,5.005833333333333,10.828101399739584,6.728055555555556,118.73916111111103,475.4171346201839,0.38861648182695346,357.9897222222222,-794.9083055555568,1229,0,256,298
fifo_ff,3,3929,5.153465983072917,5.060555555555555,8.202959526909723,5.381111111111111,111.26742499999992,271.8064654035253,0.39426477443812485,352.8611111111111,-526.0937777777774,1024,0,256,298
sgf,3,3929,4.175084906684027,3.4679166666666665,7.224578450520833,3.807777777777778,110.77313611111103,233.44886622486092,0.3948015155365517,352.38138888888886,-425.9075555555553,1024,0,256,298
sjf,3,3929,4.986443684895833,4.204305555555556,8.035937228732639,4.599166666666667,111.21532222222213,289.58244874160704,0.3939946261901428,353.10305555555556,-508.9906944444447,1024,0,256,298
sjf_oracle,3,3929,3.0187928602430554,2.5994444444444444,6.068286404079861,2.9763888888888888,109.61660555555547,127.04783813887612,0.38920659007572217,357.44694444444445,-307.5032500000005,1024,0,256,298
random,4,4483,7.930949978298611,7.538055555555555,8.583113335503473,7.689027777777778,14.042733333333329,142.4058374645187,0.75976225421872,117.33416666666666,-797.1061111111112,1024,0,256,70
fifo,4,4483,10.922808159722223,11.186666666666667,11.574971516927084,11.327777777777778,15.702577777777758,207.78178792083082,0.7315018230961284,122.94027777777778,-1103.4723888888893,1751,0,256,70
fifo_ff,4,4483,8.152050238715278,7.773055555555556,8.804213595920139,7.915972222222222,13.830233333333332,146.65729123110742,0.7587705981217739,117.53111111111112,-819.7467777777772,1024,0,256,70
sgf,4,4483,7.893519422743055,7.5401388888888885,8.545682779947917,7.68,15.320824999999964,142.15611579486938,0.759842122927647,117.31833333333333,-793.2732222222227,1024,0,256,70
sjf,4,4483,7.792444932725695,7.415972222222222,8.444608289930555,7.527777777777778,18.89741666666664,147.05228706720237,0.7606658864274384,117.15527777777778,-782.9231944444441,1024,0,256,70
sjf_oracle,4,4483,6.869616156684028,6.218333333333334,7.521779513888889,6.407638888888889,17.98519999999995,120.80512913208759,0.7662764530437717,116.05666666666667,-688.4255277777786,1024,0,256,70
random,5,596,10.749669867621527,10.826527777777779,13.06016845703125,11.554444444444444,89.66499166666632,137.04884131356334,0.6768588859423614,250.51722222222222,-1098.6576666666656,1024,0,256,132
fifo,5,596,32.192179361979164,41.080416666666665,34.50267795138889,41.47208333333333,85.61325833333312,428.77081267874496,0.6488604921062681,263.3330555555556,-3294.37063888889,1247,0,256,132
fifo_ff,5,596,9.958614366319445,7.4998611111111115,12.269112955729167,8.119027777777777,85.24773611111087,119.28018356986163,0.6576255328927203,259.1822222222222,-1017.6535833333332,1024,0,256,132
sgf,5,596,13.141908094618056,13.175,15.452406684027778,13.702361111111111,87.23155555555526,166.75014678828762,0.679231405937207,249.48833333333334,-1343.622861111113,1024,0,256,132
sjf,5,596,28.16421902126736,37.129305555555554,30.474717610677082,37.56111111111111,80.94787222222216,386.7933662039927,0.6797283608656142,249.27388888888888,-2881.9075000000043,1024,0,256,132
sjf_oracle,5,596,6.620720486111111,5.98375,8.931219075520833,6.597361111111111,86.63242222222198,86.71143154536223,0.6798398424133957,249.22583333333333,-675.8532499999994,1024,0,256,132
random,6,1095,15.067884928385416,15.538472222222222,15.819757486979167,16.616527777777776,28.97821666666667,67.92073140381694,0.9943425703046447,52.76638888888889,-1496.0881388888904,1024,0,256,185
fifo,6,1095,17.512604437934026,18.781666666666666,18.264476996527776,20.000138888888888,32.032463888888884,67.93046597283771,0.9924776122461193,53.37972222222222,-1746.4274166666676,1463,0,256,185
fifo_ff,6,1095,15.064676649305556,15.549027777777777,15.816549207899305,16.6125,28.973719444444445,67.71536545465459,0.9948542878521034,52.60055555555556,-1495.759611111108,1024,0,256,185
sgf,6,1095,15.064676649305556,15.549027777777777,15.816549207899305,16.6125,28.973719444444445,67.71536545465459,0.9948542878521034,52.60055555555556,-1495.759611111108,1024,0,256,185
sjf,6,1095,15.048214246961805,15.549027777777777,15.800086805555555,16.615972222222222,28.96183611111111,68.58678145824325,0.9944956619177469,52.71666666666667,-1494.073861111112,1024,0,256,185
sjf_oracle,6,1095,14.908119574652778,15.534583333333334,15.659992133246528,16.56388888888889,28.978413888888888,65.33405751581901,0.9945795998368322,52.68944444444445,-1479.728166666667,1024,0,256,185
random,7,240,13.971948513454862,14.240833333333333,16.440783148871528,14.90638888888889,98.69230833333305,175.47381258781053,0.6634069367732439,255.53527777777776,-1365.1168055555593,1024,0,256,352
fifo,7,240,23.267344292534723,15.890277777777778,25.73617892795139,17.08736111111111,107.54775277777722,332.3166342978907,0.638051726936467,267.6122222222222,-2316.9653333333345,1497,0,256,352
fifo_ff,7,240,10.687193739149306,11.34361111111111,13.156028374565972,11.864027777777778,91.43539444444426,122.22838992565495,0.663649508784379,255.425,-1028.7579166666665,1024,0,256,352
sgf,7,240,8.575684950086806,7.5304166666666665,11.044519585503473,8.749166666666667,88.9140722222221,91.26343615802944,0.6671524228936296,253.84305555555557,-812.5394166666681,1024,0,256,352
sjf,7,240,19.27281982421875,15.681666666666667,21.741654459635416,16.928333333333335,100.58311666666626,266.30938324298194,0.6639865240391782,255.27194444444444,-1907.9260277777773,1024,0,256,352
sjf_oracle,7,240,8.315028754340277,7.528194444444445,10.783863389756945,8.62875,93.82486111111085,81.69121166039815,0.6675878579849354,253.64777777777778,-785.8482222222244,1024,0,256,352
random,8,2552,12.704531792534722,13.121666666666666,13.139629448784722,13.231666666666667,22.460441666666657,170.45884109667534,0.9104083290969047,56.14333333333333,-1292.2851666666666,1024,0,256,180
fifo,8,2552,13.601185167100695,13.717361111111112,14.036282823350694,13.814166666666667,22.506105555555546,179.61231812362925,0.9089647822649164,56.560833333333335,-1384.1024722222194,1878,0,256,180
fifo_ff,8,2552,12.707813856336806,13.114444444444445,13.142911512586805,13.215555555555556,22.45647777777777,170.5369300059607,0.9106039769716315,56.08722222222222,-1292.6212499999974,1024,0,256,180
sgf,8,2552,12.707813856336806,13.114444444444445,13.142911512586805,13.215555555555556,22.45647777777777,170.5369300059607,0.9106039769716315,56.08722222222222,-1292.6212499999974,1024,0,256,180
sjf,8,2552,12.417311197916666,12.865555555555556,12.852408854166667,12.965555555555556,22.425472222222222,165.83488105617454,0.9131457039987936,55.25972222222222,-1262.8737777777758,1024,0,256,180
sjf_oracle,8,2552,12.143421495225695,12.676805555555555,12.578519151475694,12.761527777777777,23.91957222222222,161.73817414421947,0.9127135236223434,55.403055555555554,-1234.8274722222225,1024,0,256,180
random,9,11844,0.14081380208333333,0.0,5.527237955729166,0.40152777777777776,104.29395833333331,1.8803987433568505,0.305817871977218,176.55277777777778,-14.419333333333341,1024,0,109,0
fifo,9,11844,0.14050103081597223,0.0,5.526925184461805,0.40152777777777776,104.29395833333331,1.8553599186542922,0.305817871977218,176.55277777777778,-14.387305555555557,1024,0,109,0
fifo_ff,9,11844,0.14050103081597223,0.0,5.526925184461805,0.40152777777777776,104.29395833333331,1.8553599186542922,0.305817871977218,176.55277777777778,-14.387305555555557,1024,0,109,0
sgf,9,11844,0.14050103081597223,0.0,5.526925184461805,0.40152777777777776,104.29395833333331,1.8553599186542922,0.305817871977218,176.55277777777778,-14.387305555555557,1024,0,109,0
sjf,9,11844,0.14125732421875,0.0,5.527681477864584,0.40152777777777776,104.29395833333331,2.085511595082331,0.305817871977218,176.55277777777778,-14.464750000000002,1024,0,109,0
sjf_oracle,9,11844,0.135703125,0.0,5.522127278645834,0.40152777777777776,104.29395833333331,1.7357821015277548,0.305817871977218,176.55277777777778,-13.896000000000006,1024,0,109,0
random,10,9458,7.830054796006944,7.747361111111111,10.653096245659722,9.36736111111111,48.444002777777776,53.87551719000341,0.22614137029913742,248.70583333333335,-801.7976111111121,1024,0,203,0
fifo,10,9458,9.867465277777777,10.665416666666667,12.690506727430556,12.624166666666667,51.83565277777776,68.10336839260641,0.22276868383607015,252.60805555555555,-1010.4284444444446,1157,0,203,0
fifo_ff,10,9458,7.8177916124131945,7.7555555555555555,10.640833062065973,9.344444444444445,48.46233333333333,53.6336433180015,0.22618795558007038,248.65277777777777,-800.541861111111,1024,0,203,0
sgf,10,9458,7.8177916124131945,7.7555555555555555,10.640833062065973,9.344444444444445,48.46233333333333,53.6336433180015,0.22618795558007038,248.65277777777777,-800.541861111111,1024,0,203,0
sjf,10,9458,7.760269368489583,7.739722222222222,10.583310818142362,9.347222222222221,48.41591111111111,53.46795567360946,0.22624139458796264,248.59194444444444,-794.6515833333317,1024,0,203,0
sjf_oracle,10,9458,7.359104817708333,7.442916666666667,10.18214626736111,9.007083333333334,51.701852777777674,48.683747655796665,0.22556375881960442,249.36555555555555,-753.5723333333335,1024,0,203,0
random,11,13293,2.3373353407118054,2.6302777777777777,3.999489474826389,3.252083333333333,40.20318333333332,55.636235720225656,0.37929003838075176,113.40138888888889,-239.34313888888894,1024,0,241,0
fifo,11,13293,2.8842483181423613,3.2063888888888887,4.546402452256944,4.044583333333334,41.397247222222205,67.30244957433113,0.3785219051999521,113.65222222222222,-295.34702777777756,1036,0,241,0
fifo_ff,11,13293,2.440088704427083,2.6845833333333333,4.102242838541667,3.4434722222222223,40.59165277777777,57.15948103150356,0.3794640409143934,113.34472222222222,-249.86508333333327,1024,0,241,0
sgf,11,13293,2.3431334092881944,2.6308333333333334,4.005287543402778,3.2683333333333335,40.21932222222221,56.09986603726335,0.3794640409143934,113.34472222222222,-239.93686111111103,1024,0,241,0
sjf,11,13293,2.261547309027778,2.4720833333333334,3.923701443142361,3.08375,40.714047222222206,54.27733483341742,0.37063710127065397,116.26777777777778,-231.58244444444455,1024,0,241,0
sjf_oracle,11,13293,2.1822493489583334,2.3625,3.8444034830729166,2.9608333333333334,42.03363333333329,51.468250109427736,0.3652573373776761,118.11194444444445,-223.46233333333316,1024,0,241,0
random,12,7334,4.436816677517361,4.675972222222223,6.856642795138889,7.1402777777777775,18.388555555555556,18.80097043283248,0.35229638606451197,112.365,-454.2312777777777,1024,0,256,27
fifo,12,7334,4.437475314670139,4.6963888888888885,6.857301432291667,7.1681944444444445,18.373744444444444,18.94883980882296,0.35229638606451197,112.365,-454.2987222222223,1024,0,256,27
fifo_ff,12,7334,4.437475314670139,4.6963888888888885,6.857301432291667,7.1681944444444445,18.373744444444444,18.94883980882296,0.35229638606451197,112.365,-454.2987222222223,1024,0,256,27
sgf,12,7334,4.437475314670139,4.6963888888888885,6.857301432291667,7.1681944444444445,18.373744444444444,18.94883980882296,0.35229638606451197,112.365,-454.2987222222223,1024,0,256,27
sjf,12,7334,4.437257758246528,4.673055555555556,6.857083875868056,7.136111111111111,18.340830555555556,20.473356670993613,0.35229638606451197,112.365,-454.2764444444441,1024,0,256,27
sjf_oracle,12,7334,4.302947048611111,4.609583333333333,6.722773166232639,6.9688888888888885,18.367219444444437,18.030446030211817,0.35229638606451197,112.365,-440.523027777778,1024,0,256,27
random,13,8835,1.2225575086805556,0.0,11.68787841796875,2.9581944444444446,173.13735277777778,7.648394757936194,0.27845435290507425,453.7319444444444,-125.18988888888885,1024,0,236,0
fifo,13,8835,1.24615966796875,0.0,11.711480577256944,2.939722222222222,173.13735277777778,8.209298808005094,0.27845435290507425,453.7319444444444,-127.60675000000006,1111,0,236,0
fifo_ff,13,8835,1.2268546549479167,0.0,11.692175564236111,2.9375,173.13735277777778,7.923685191375204,0.27845435290507425,453.7319444444444,-125.62991666666666,1024,0,236,0
sgf,13,8835,1.2261116536458334,0.0,11.691432562934027,2.9375,173.13735277777778,7.875767623407436,0.27845435290507425,453.7319444444444,-125.55383333333332,1024,0,236,0
sjf,13,8835,1.2466219075520832,0.0,11.711942816840278,2.9756944444444446,173.13735277777778,8.169507920785893,0.27845435290507425,453.7319444444444,-127.65408333333332,1024,0,236,0
sjf_oracle,13,8835,1.167626953125,0.0,11.632947862413195,2.9455555555555555,173.13735277777778,7.103783816089887,0.27845435290507425,453.7319444444444,-119.56500000000003,1024,0,236,0
random,14,14137,0.07516167534722222,0.0,2.9646742078993054,0.30916666666666665,67.92085555555548,1.2112127707376288,0.17661634829970557,332.76916666666665,-7.696555555555556,1024,0,243,0
fifo,14,14137,0.07507921006944444,0.0,2.964591742621528,0.30916666666666665,67.92085555555548,1.2097548526407869,0.17661634829970557,332.76916666666665,-7.688111111111111,1024,0,243,0
fifo_ff,14,14137,0.07507921006944444,0.0,2.964591742621528,0.30916666666666665,67.92085555555548,1.2097548526407869,0.17661634829970557,332.76916666666665,-7.688111111111111,1024,0,243,0
sgf,14,14137,0.07507921006944444,0.0,2.964591742621528,0.30916666666666665,67.92085555555548,1.2097548526407869,0.17661634829970557,332.76916666666665,-7.688111111111111,1024,0,243,0
sjf,14,14137,0.07403510199652778,0.0,2.963547634548611,0.30916666666666665,67.92085555555548,1.1895589234142139,0.17661634829970557,332.76916666666665,-7.581194444444444,1024,0,243,0
sjf_oracle,14,14137,0.07281765407986111,0.0,2.9623301866319443,0.30916666666666665,67.92085555555548,1.1800881144349114,0.17661634829970557,332.76916666666665,-7.456527777777776,1024,0,243,0
random,15,10624,0.0,0.0,7.649564073350694,0.0925,170.8693833333331,1.0,0.2139456728067314,353.4013888888889,0.0,1024,0,219,0
fifo,15,10624,0.0,0.0,7.649564073350694,0.0925,170.8693833333331,1.0,0.2139456728067314,353.4013888888889,0.0,1024,0,219,0
fifo_ff,15,10624,0.0,0.0,7.649564073350694,0.0925,170.8693833333331,1.0,0.2139456728067314,353.4013888888889,0.0,1024,0,219,0
sgf,15,10624,0.0,0.0,7.649564073350694,0.0925,170.8693833333331,1.0,0.2139456728067314,353.4013888888889,0.0,1024,0,219,0
sjf,15,10624,0.0,0.0,7.649564073350694,0.0925,170.8693833333331,1.0,0.2139456728067314,353.4013888888889,0.0,1024,0,219,0
sjf_oracle,15,10624,0.0,0.0,7.649564073350694,0.0925,170.8693833333331,1.0,0.2139456728067314,353.4013888888889,0.0,1024,0,219,0
random,16,9208,4.380909559461806,3.3945833333333333,9.551589898003472,6.2555555555555555,104.17238611111104,33.88410434143116,0.2330589662256424,383.0938888888889,-448.60513888888926,1024,0,148,0
fifo,16,9208,5.572478841145833,3.3925,10.7431591796875,6.295416666666667,104.17238611111104,43.94540077754169,0.2330589662256424,383.0938888888889,-570.6218333333338,1066,0,148,0
fifo_ff,16,9208,4.37986328125,3.3925,9.550543619791666,6.277777777777778,104.17238611111104,33.86605509701941,0.2330589662256424,383.0938888888889,-448.4980000000004,1024,0,148,0
sgf,16,9208,4.37986328125,3.3925,9.550543619791666,6.277777777777778,104.17238611111104,33.86605509701941,0.2330589662256424,383.0938888888889,-448.4980000000004,1024,0,148,0
sjf,16,9208,4.402418619791667,3.379861111111111,9.573098958333333,6.273472222222222,104.17238611111104,34.98672688010936,0.2330589662256424,383.0938888888889,-450.80766666666693,1024,0,148,0
sjf_oracle,16,9208,4.16036865234375,3.3047222222222223,9.331048990885417,6.14625,104.17238611111104,31.723434638010122,0.2330589662256424,383.0938888888889,-426.02175,1024,0,148,0
random,17,7917,2.3064227973090277,2.4251388888888887,5.421653917100694,4.147916666666666,23.103961111111072,14.89172332883522,0.2808609887359869,207.56861111111112,-235.96219444444446,1024,0,256,375
fifo,17,7917,2.374129231770833,2.52375,5.4893603515625,4.159861111111111,23.78987222222216,16.28862202343946,0.2808245468048795,207.6038888888889,-242.89533333333335,1150,0,256,375
fifo_ff,17,7917,2.310807834201389,2.452916666666667,5.426038953993055,4.152638888888889,23.11917499999996,14.91908830244045,0.28083745788334186,207.5913888888889,-236.41122222222236,1024,0,256,375
sgf,17,7917,2.3094173177083333,2.452916666666667,5.4246484375,4.152638888888889,23.076383333333293,14.906796876856898,0.28083745788334186,207.5913888888889,-236.2688333333334,1024,0,256,375
sjf,17,7917,2.3338538953993058,2.4175,5.449085015190972,4.1786111111111115,22.95496944444439,17.466994276896934,0.28086271070845953,207.56694444444443,-238.77113888888874,1024,0,256,375
sjf_oracle,17,7917,2.2379283311631943,2.2709722222222224,5.353159450954861,4.0725,22.91306666666663,13.772329352399797,0.281096581614813,207.34083333333334,-228.94836111111118,1024,0,256,375
random,18,8154,0.5519620768229166,0.01138888888888889,8.15241183810764,2.104861111111111,173.1431888888889,5.533421639527453,0.39686388424278235,247.49416666666667,-56.52000000000004,1024,0,256,573
fifo,18,8154,0.5741145833333333,0.03625,8.174564344618055,2.1118055555555557,173.1431888888889,5.796711806461868,0.39686388424278235,247.49416666666667,-58.7884166666667,1116,0,256,573
fifo_ff,18,8154,0.5512874348958333,0.01597222222222222,8.151737196180555,2.088611111111111,173.1431888888889,5.455766359187658,0.39686388424278235,247.49416666666667,-56.45091666666665,1024,0,256,573
sgf,18,8154,0.5512874348958333,0.01597222222222222,8.151737196180555,2.088611111111111,173.1431888888889,5.455766359187658,0.39686388424278235,247.49416666666667,-56.45091666666665,1024,0,256,573
sjf,18,8154,0.5591937934027778,0.006388888888888889,8.1596435546875,2.149583333333333,173.1431888888889,5.842800149330614,0.39686388424278235,247.49416666666667,-57.26052777777773,1024,0,256,573
sjf_oracle,18,8154,0.54310302734375,0.0016666666666666668,8.143552788628472,2.005,173.1431888888889,4.988810720738631,0.39686388424278235,247.49416666666667,-55.612833333333285,1024,0,256,573
random,19,13618,0.7256936306423611,0.7223611111111111,2.070206705729167,1.433888888888889,37.81052777777777,8.597065618932064,0.40236003968294526,108.7088888888889,-74.31097222222216,1024,0,256,100
fifo,19,13618,0.731279296875,0.7236111111111111,2.0757923719618057,1.4620833333333334,37.78527777777777,8.718948091358529,0.4021526163050529,108.77166666666666,-74.88294444444449,1024,0,256,100
fifo_ff,19,13618,0.731279296875,0.7236111111111111,2.0757923719618057,1.4620833333333334,37.78527777777777,8.718948091358529,0.4021526163050529,108.77166666666666,-74.88294444444449,1024,0,256,100
sgf,19,13618,0.731279296875,0.7236111111111111,2.0757923719618057,1.4620833333333334,37.78527777777777,8.718948091358529,0.4021526163050529,108.77166666666666,-74.88294444444449,1024,0,256,100
sjf,19,13618,0.7095570203993056,0.6994444444444444,2.0540700954861113,1.382638888888889,38.89416666666664,8.411313087313617,0.39611618052032527,110.60388888888889,-72.65858333333333,1024,0,256,100
sjf_oracle,19,13618,0.6803860134548612,0.6595833333333333,2.0248990885416664,1.3115277777777778,39.33524166666667,7.841334568333577,0.39611251516281665,110.605,-69.67147222222222,1024,0,256,100
random,20,4039,4.135891655815972,2.8875,6.788374565972222,3.141388888888889,93.81143888888852,276.23632966660193,0.370531546078348,342.87916666666666,-401.8023611111113,1024,0,256,78
fifo,20,4039,5.635674099392361,3.9325,8.28815700954861,4.165555555555556,95.3158527777774,345.72835321551497,0.36594494947737144,347.1766666666667,-555.3800833333329,1241,0,256,78
fifo_ff,20,4039,5.231160481770833,4.534861111111111,7.883643391927083,4.780972222222222,94.04955555555517,300.44473757821777,0.3681437926955797,345.10305555555556,-513.9578888888888,1024,0,256,78
sgf,20,4039,4.966297743055556,4.214861111111111,7.618780653211806,4.466805555555555,93.51791944444406,281.614546319374,0.36836824639139054,344.8927777777778,-486.8359444444434,1024,0,256,78
sjf,20,4039,4.815107421875,3.765833333333333,7.46759033203125,3.963611111111111,93.67993055555517,286.61122438857257,0.3705126357106287,342.89666666666665,-471.3540555555557,1024,0,256,78
sjf_oracle,20,4039,3.4155186631944443,2.752361111111111,6.068001573350695,3.0316666666666667,93.49411388888846,177.0009882878288,0.36553666456340633,347.56444444444446,-328.0361666666669,1024,0,256,78
random,21,11882,0.19487060546875,0.0,5.567845052083333,0.42930555555555555,104.29395833333331,2.283414885639202,0.3041648512650151,174.13055555555556,-19.954750000000004,1024,0,114,0
fifo,21,11882,0.19613606770833333,0.0,5.569110514322917,0.42930555555555555,104.29395833333331,2.3749759907625583,0.3041648512650151,174.13055555555556,-20.084333333333333,1024,0,114,0
fifo_ff,21,11882,0.19613606770833333,0.0,5.569110514322917,0.42930555555555555,104.29395833333331,2.3749759907625583,0.3041648512650151,174.13055555555556,-20.084333333333333,1024,0,114,0
sgf,21,11882,0.19613606770833333,0.0,5.569110514322917,0.42930555555555555,104.29395833333331,2.3749759907625583,0.3041648512650151,174.13055555555556,-20.084333333333333,1024,0,114,0
sjf,21,11882,0.19666368272569446,0.0,5.5696381293402775,0.42930555555555555,104.29395833333331,2.618754855823319,0.3041648512650151,174.13055555555556,-20.13836111111112,1024,0,114,0
sjf_oracle,21,11882,0.19013617621527779,0.0,5.5631106228298615,0.42930555555555555,104.29395833333331,2.236419569065343,0.3041648512650151,174.13055555555556,-19.46994444444445,1024,0,114,0
random,22,9770,4.673250596788194,4.076944444444444,9.209744737413194,6.370277777777778,96.29254444444423,42.11723851142037,0.267103983382076,254.92888888888888,-478.5408333333332,1024,0,256,225
fifo,22,9770,7.152233615451389,7.664444444444444,11.68872775607639,10.078611111111112,100.41927777777754,62.678746857763585,0.267103983382076,254.92888888888888,-732.3886944444446,1390,0,256,225
fifo_ff,22,9770,4.877962782118056,4.0777777777777775,9.414456922743055,6.371527777777778,96.25768055555534,44.61828823902003,0.267103983382076,254.92888888888888,-499.50336111111085,1024,0,256,225
sgf,22,9770,4.881657443576389,4.0777777777777775,9.41815158420139,6.371527777777778,96.25768055555534,44.97402877815205,0.267103983382076,254.92888888888888,-499.88169444444435,1024,0,256,225
sjf,22,9770,4.249373914930556,4.083333333333333,8.785868055555556,6.3197222222222225,96.244847222222,37.470631937043805,0.267103983382076,254.92888888888888,-435.1358611111111,1024,0,256,225
sjf_oracle,22,9770,4.018316514756944,3.693888888888889,8.554810655381944,6.146527777777778,96.6552805555554,33.80208174758782,0.267103983382076,254.92888888888888,-411.4755833333333,1024,0,256,225
random,23,39,19.79140109592014,22.08111111111111,22.469420030381944,22.913888888888888,100.85175277777756,209.611092154715,0.648540424727193,264.0755555555556,-1916.383444444442,1024,0,256,151
fifo,23,39,22.681669108072917,22.74375,25.35968804253472,23.492638888888887,113.86157777777727,265.67483997821296,0.6348793785595387,270.83916666666664,-2212.346888888894,1290,0,256,151
fifo_ff,23,39,17.06030951605903,17.54013888888889,19.738328450520832,18.922777777777778,93.59739166666662,163.32799768186288,0.6486054480508311,264.0441666666667,-1636.7196666666673,1024,0,256,151
sgf,23,39,16.269479166666667,17.54013888888889,18.947498101128474,18.922777777777778,93.4209333333333,151.05208937756356,0.651893915616444,262.4663888888889,-1555.7386388888892,1024,0,256,151
sjf,23,39,20.5217529296875,22.40972222222222,23.199771864149305,23.273194444444446,109.19973888888849,228.5279676746834,0.6489083265726032,263.8980555555556,-1991.1714722222234,1024,0,256,151
sjf_oracle,23,39,14.53508056640625,16.24763888888889,17.213099500868054,17.769305555555555,92.38784722222219,125.87672264178131,0.6477280750176455,264.4683333333333,-1378.1362222222228,1024,0,256,151
random,24,5740,6.525498318142361,1.6572222222222222,11.893511827256944,1.8244444444444445,138.73666111111106,392.3198734541071,0.24018014555854106,529.9247222222223,-634.8396666666669,1024,0,256,98
fifo,24,5740,8.552418348524306,1.7690277777777779,13.920431857638889,2.6222222222222222,137.17884166666664,493.05610633545166,0.24018014555854106,529.9247222222223,-842.3962777777778,1310,0,256,98
fifo_ff,24,5740,6.662074381510417,1.6816666666666666,12.030087890625,1.843888888888889,138.07543888888887,380.158864995077,0.24018014555854106,529.9247222222223,-648.8250555555555,1024,0,256,98
sgf,24,5740,7.7600485568576385,1.6630555555555555,13.128062065972221,1.8284722222222223,137.72144722222222,471.0243046475551,0.24018014555854106,529.9247222222223,-761.257611111111,1024,0,256,98
sjf,24,5740,6.354893934461805,1.6069444444444445,11.72290744357639,1.729861111111111,139.64143333333328,392.17054965701715,0.24018014555854106,529.9247222222223,-617.3697777777776,1024,0,256,98
sjf_oracle,24,5740,6.394913465711806,1.5708333333333333,11.762926974826389,1.7118055555555556,132.86685555555553,333.6203650389845,0.24018014555854106,529.9247222222223,-621.467777777778,1024,0,256,98
random,25,12487,0.9566639539930556,1.197361111111111,2.30026123046875,1.9047222222222222,41.61434166666666,7.061047093018604,0.49902874996334257,75.77666666666667,-97.96238888888878,1024,0,185,0
fifo,25,12487,1.1041853841145832,1.3479166666666667,2.4477826605902777,2.096111111111111,40.33063055555555,8.105301338629072,0.5016651226532843,75.22333333333333,-113.06858333333356,1116,0,185,0
fifo_ff,25,12487,0.9561357964409722,1.209861111111111,2.2997330729166667,1.9147222222222222,41.29149722222222,7.018974223960555,0.4990051028356316,75.78166666666667,-97.90830555555566,1024,0,185,0
sgf,25,12487,0.9561357964409722,1.209861111111111,2.2997330729166667,1.9147222222222222,41.29149722222222,7.018974223960555,0.4990051028356316,75.78166666666667,-97.90830555555566,1024,0,185,0
sjf,25,12487,0.9566769748263889,1.1859722222222222,2.3002742513020835,1.9091666666666667,41.27994722222221,7.546655915376129,0.4990340053044078,75.77555555555556,-97.96372222222222,1024,0,185,0
sjf_oracle,25,12487,0.9236838107638888,1.1445833333333333,2.267281087239583,1.8597222222222223,40.97763611111111,6.645888728729043,0.4991628093210705,75.74833333333333,-94.58522222222224,1024,0,185,0
random,26,8073,0.9504437934027777,0.6995833333333333,5.3703369140625,2.67375,162.09308333333246,8.055228701672098,0.3157238777945321,205.12527777777777,-97.3246666666667,1024,0,256,522
fifo,26,8073,0.9796199544270834,0.7694444444444445,5.399513075086806,2.7131944444444445,162.24194444444356,8.580907494282895,0.31560340482574634,205.22444444444446,-100.31230555555564,1128,0,256,522
fifo_ff,26,8073,0.9484407552083334,0.6990277777777778,5.368333875868055,2.7075,162.08976111111025,8.020459336944674,0.31564017554003726,205.19416666666666,-97.11955555555558,1024,0,256,522
sgf,26,8073,0.9484407552083334,0.6990277777777778,5.368333875868055,2.7075,162.08976111111025,8.020459336944674,0.31564017554003726,205.19416666666666,-97.11955555555558,1024,0,256,522
sjf,26,8073,0.9766021050347222,0.6909722222222222,5.396495225694444,2.712638888888889,162.117488888888,10.379318897173675,0.31562364424336853,205.20777777777778,-100.00327777777784,1024,0,256,522
sjf_oracle,26,8073,0.9164227973090278,0.6804166666666667,5.33631591796875,2.5970833333333334,162.03443333333246,7.430062815901049,0.3159533344142906,204.93666666666667,-93.84091666666673,1024,0,256,522
random,27,489,16.241671278211804,19.935555555555556,18.646400010850694,20.554305555555555,91.68239722222205,238.50800931252064,0.6686133366248687,253.06916666666666,-1651.693805555559,1024,0,256,599
fifo,27,489,26.07705593532986,37.144444444444446,28.48178466796875,37.6375,97.95297222222169,370.03688243177015,0.6546195009626903,259.4725,-2658.837194444445,1244,0,256,599
fifo_ff,27,489,15.407793782552083,19.33,17.812522515190974,19.90861111111111,101.95207222222186,213.69768788829685,0.6691516139232684,252.82916666666668,-1566.3047499999984,1024,0,256,599
sgf,27,489,7.5386344401041665,6.273055555555556,9.943363172743055,7.115694444444444,91.52779722222209,99.78600862388376,0.6691516139232684,252.82916666666668,-760.502833333333,1024,0,256,599
sjf,27,489,14.69720486111111,18.873333333333335,17.10193359375,19.362222222222222,97.86190277777719,205.28878464102883,0.6691516139232684,252.82916666666668,-1493.5404444444414,1024,0,256,599
sjf_oracle,27,489,6.676895887586806,6.878888888888889,9.081624620225694,7.777777777777778,101.16233055555527,86.64157197276377,0.6691516139232684,252.82916666666668,-672.2608055555546,1024,0,256,599
random,28,11139,0.0,0.0,9.624388020833333,0.0913888888888889,163.80163888888882,1.0,0.23780477166826436,305.99666666666667,0.0,1024,0,103,0
fifo,28,11139,0.0,0.0,9.624388020833333,0.0913888888888889,163.80163888888882,1.0,0.23780477166826436,305.99666666666667,0.0,1024,0,103,0
fifo_ff,28,11139,0.0,0.0,9.624388020833333,0.0913888888888889,163.80163888888882,1.0,0.23780477166826436,305.99666666666667,0.0,1024,0,103,0
sgf,28,11139,0.0,0.0,9.624388020833333,0.0913888888888889,163.80163888888882,1.0,0.23780477166826436,305.99666666666667,0.0,1024,0,103,0
sjf,28,11139,0.0,0.0,9.624388020833333,0.0913888888888889,163.80163888888882,1.0,0.23780477166826436,305.99666666666667,0.0,1024,0,103,0
sjf_oracle,28,11139,0.0,0.0,9.624388020833333,0.0913888888888889,163.80163888888882,1.0,0.23780477166826436,305.99666666666667,0.0,1024,0,103,0
random,29,10626,0.0,0.0,7.6495941840277775,0.0925,170.8693833333331,1.0,0.2135188877818363,353.165,0.0,1024,0,218,0
fifo,29,10626,0.0,0.0,7.6495941840277775,0.0925,170.8693833333331,1.0,0.2135188877818363,353.165,0.0,1024,0,218,0
fifo_ff,29,10626,0.0,0.0,7.6495941840277775,0.0925,170.8693833333331,1.0,0.2135188877818363,353.165,0.0,1024,0,218,0
sgf,29,10626,0.0,0.0,7.6495941840277775,0.0925,170.8693833333331,1.0,0.2135188877818363,353.165,0.0,1024,0,218,0
sjf,29,10626,0.0,0.0,7.6495941840277775,0.0925,170.8693833333331,1.0,0.2135188877818363,353.165,0.0,1024,0,218,0
sjf_oracle,29,10626,0.0,0.0,7.6495941840277775,0.0925,170.8693833333331,1.0,0.2135188877818363,353.165,0.0,1024,0,218,0
